OBJECTID,LIT,Date,Observer,PlotStatus,Unit_Name,Subunit_Name,CirclePlotID,Timothy_Low,Timothy_Med,Timothy_High,Watergrass_Low,Watergrass_Med,Watergrass_High,NoFoodCover,Comments,X,Y
1,SLW,, ,Skipped,HQ-7,27a,C1,0,0,0,0,0,0,(Not collected this year),Not in unit,-13524793.17,4630022.917
2,SLW,, ,Skipped,HQ-7,27a,C2,0,0,0,0,0,0,,Not in unit,-13524639.71,4630058.783
3,SLW,2019-08-12 18:53,JM,Complete,HQ-7,27a,C3,0.05,0.025,0,0,0,0,,Timothy is dense but very tiny seed heads,-13524791.3,4630138.024
4,SLW,2019-08-12 19:13,BT,NotFood,HQ-7,27a,C4,0,0,0,0,0,0,,Dominated by cocklebur and understory of sprangletop 10cm in height,-13524561.41,4630172.638
5,SLW,2019-08-12 19:05,LD,Complete,HQ-7,27a,C5,0.4,0.3,0,0,0,0,,,-13524446.16,4630209.128
6,SLW,2019-08-12 7:06,JM,Complete,HQ-7,27a,C6,0,0,1,0,0,0,,Mixed in with smartweed,-13524904.07,4630255.008
7,SLW,2019-08-12 18:49,JM,NotFood,HQ-7,27a,C7,0,0,0,0,0,0,,Cocklebur hell,-13524674.8,4630251.255
8,SLW,2019-08-12 18:39,JM,Complete,HQ-7,27a,C8,0,0,0.55,0.2,0.05,0.2,,Both Timothy and watergrass even,-13524788.81,4630291.502
9,SLW,2019-08-12 18:45,LD ,Complete,HQ-7,27a,C9,0,0.1,0.6,0,0.05,0,,Recently mowed,-13524520.08,4630363.86
10,SLW,2019-08-12 18:54,BT,Complete,HQ-7,27a,C10,0,0.2,0.1,0,0,0,,Recently mowed,-13524443.04,4630400.976
11,SLW,2019-08-12 18:32,LD,NotFood,HQ-7,27a,C11,0,0,0,0,0,0,,Upland,-13524285.82,4630667.062
12,SLW,2019-08-12 18:32,LD,NotFood,HQ-7,27a,C12,0,0,0,0,0,0,,Upland,-13524552.06,4630748.193
13,SLW,2019-08-12 15:39, BT ,Complete,Lewis 1,22,C13,0,0,0.3,0,0.6,0,,,-13524848.39,4638393.804
14,SLW,2019-08-12 13:59, BT,Complete,Lewis 6,22,C14,0,0,0,0.2,0.3,0,,,-13524465.98,4638387.531
15,SLW,2019-07-10 15:30, KMO,Complete,Lewis 6,22,C15,0,0,0,0.025,0.025,0.15,,,-13524197.66,4638421.531
16,SLW,2019-08-12 15:27, BT ,Complete,Lewis 1,22,C16,0,0,0.95,0,0.025,0,,Open water,-13524846.52,4638509.004
17,SLW,2019-07-10 19:07, KE,Complete,Lewis 6,22,C17,0.7,0.3,0,0,0,0,,VP2-C2,-13523890.48,4638493.294
18,SLW,2019-08-12 14:33, BT,Complete,Lewis 6,22,C18,0,0,0,0.2,0,0,,,-13524386.99,4638539.874
19,SLW,2019-07-10 17:03, Kmo,Complete,Lewis 6,22,C19,0.05,0.8,0.025,0,0,0,,VP1-C2,-13524004.58,4638533.584
20,SLW,2019-08-12 15:53, BT ,Skipped,Lewis 1,22,C20,0,0,0,0,0,0,,Open water,-13524921.76,4638587.057
21,SLW,2019-07-10 17:53, KMO,Complete,Lewis 6,22,C21,0,0.01,0,0.05,0,0,,VP1-C3,-13524156.92,4638574.502
22,SLW,2019-07-10 18:31, KE,Complete,Lewis 6,22,C22,0.01,0.3,0.25,0.05,0.025,0,,VP2-C1,-13523850.35,4638607.864
23,SLW,2019-08-12 15:33,JM,Complete,Lewis 1,22,C23,0.25,0.5,0,0,0,0,,,-13524614.57,4638658.843
24,SLW,2019-08-12 14:33,JM,NotFood,Lewis 6,22,C24,0,0,0,0,0,0,,Eleocharis pond species,-13524423.36,4638655.704
25,SLW,2019-08-12 15:00, BT ,Complete,Lewis 6,22,C25,0,0,0,0,0,0.3,,,-13524308.63,4638653.818
26,SLW,2019-08-12 14:47, BT ,Complete,Lewis 6,22,C26,0,0,0,0.3,0,0.3,,,-13524232.15,4638652.561
27,SLW,2019-08-12 15:52,JM,Complete,Lewis 1,22,C27,0.2,0,0,0,0,0,,,-13524689.81,4638736.899
28,SLW,2019-08-12 15:43,JM,Complete,Lewis 1,22,C28,0.4,0.05,0,0,0,0,,,-13524613.32,4638735.644
29,SLW,2019-08-12 14:37,JM,Complete,Lewis 6,22,C29,0,0,0,0,0.5,0.5,,VP3,-13524345.62,4638731.248
30,SLW,2019-07-10 20:35, ,Skipped,Lewis 6,22,C30,0,0,0,0,0,0,,VP2,-13523963.2,4638724.956
31,SLW,2019-07-10 21:32, KE,Complete,Lewis 6,22,C31,0,0.025,0,0.1,0,0,,VP3-C2,-13524229.64,4638806.164
32,SLW,2019-07-10 20:56, KE,Complete,Lewis 6,22,C32,0,0,0,0.05,0.1,0.25,,VP3-C1,-13524305.5,4638845.823
33,SLW,2019-08-12 16:05,JM,Complete,Lewis 1,22,C33,0.05,0.05,0.65,0,0,0,,Mowed,-13524454.72,4639078.747
34,SAC,2019-07-22 21:10,Julia,Complete,T36,T36:2,C89,0,0,0,0,40,30,,,-13599800.44,4776865.247
35,SAC,2019-07-23 19:21,JM,NotFood,T35,T35:1,C90,0,0,0,0,0,0,,Cattail,-13601195.58,4776955.907
36,SAC,2019-07-23 18:34,JM,Complete,T35,T35:1,C91,0,0,0,0.4,0.4,0,,,-13600846.26,4776991.656
37,SAC,2019-07-23 18:45,JM,Complete,T35,T35:1,C92,0,0,0,0.8,0.2,0,,,-13600651.69,4777067.743
38,SAC,2019-07-22 20:38,JM,Complete,T36,T36:2,C93,0,0,45,0,55,0,,,-13599643.55,4777058.463
39,SAC,2019-07-23 19:10,JM,Complete,T35,T35:1,C94,0,0,0,0.35,0.65,0,,,-13601193.83,4777150.56
40,SAC,2019-07-23 18:27,JM,Complete,T35,T35:1,C95,0,0,0,0.3,0.3,0.3,,,-13600805.73,4777185.954
41,SAC,2019-07-23 18:53,JM,Complete,T35,T35:1,C96,0,0.2,0,0.8,0,0,,Still wet 7/23,-13600456.75,4777182.759
42,SAC,2019-07-22 20:57,JM,Complete,T36,T36:2,C97,0,0,0,15,70,15,,,-13599680.9,4777214.545
43,SAC,2019-07-22 20:39,Tb,Complete,T36,T36:2,C98,0,0,0,0,20,50,,,-13599292.79,4777249.881
44,SAC,2019-07-22 21:52,DT,Complete,T36,T36:2,C99,0,0,0,0,50,20,,,-13599446.82,4777368.115
45,SAC,2019-07-23 17:22,JM,Complete,T36,T36:1,C100,0,0,0.45,0.15,0.35,0,,,-13599795.08,4777449.209
46,SAC,2019-07-22 21:07,DT,Complete,T36,T36:2,C101,0,0,0,7,40,50,,,-13599251.86,4777483.11
47,SAC,2019-07-23 17:14,JM,NotFood,T36,T36:1,C102,0,0,0,0,0,0,,Recently mowed,-13599600.13,4777564.212
48,SAC,2019-07-23 17:34,JM,Complete,T36,T36:1,C103,0,0,0,0.1,0.3,0.1,,,-13599754.52,4777643.512
49,SAC,2019-07-23 17:09,JM,Complete,T36,T36:1,C104,0,0,0,0,0,0,,Recently mowed,-13599444.31,4777640.639
50,SAC,2019-07-22 19:23,JM,Complete,P8,P8:1,C105,0,0,100,0,0,0,,,-13598397.35,4777630.872
51,SAC,2019-07-23 17:00,JM,Complete,T36,T36:1,C106,0,0,0,0.05,0.15,0.1,,,-13599599.06,4777681.009
52,SAC,2019-07-23 17:45,JM,Complete,T36,T36:1,C107,0,0,0,0.1,0.4,0.4,,,-13599753.45,4777760.31
53,SAC,2019-07-22 19:43,JM,Complete,P8,P8:1,C108,0,50,50,0,0,0,,,-13598628.92,4777749.85
54,SAC,2019-07-22 19:32,DT,Complete,P8,P8:1,C109,0,80,20,0,0,0,,,-13598821.72,4777868.462
55,SAC,2019-07-22 20:17,Tb,Complete,P8,P8:1,C110,10,80,10,0,0,0,,,-13598936.97,4777986.349
56,SAC,2019-07-22 19:10,DT,Complete,P8,P8:1,C111,0,5,85,0,0,0,,,-13598704.31,4777984.176
57,SAC,2019-07-22 18:59,JM,Complete,P8,P8:1,C112,0,20,80,0,0,0,,,-13598510.06,4778021.295
58,SAC,2019-07-23 15:27,JM,Complete,P7A,P7A:4,C113,0,0,0,0.1,0.2,0,,,-13598624.94,4778178.121
59,SAC,2019-07-23 15:16,JM,Complete,P7A,P7A:4,C114,0,0,0,0.1,0.1,0,,,-13598508.25,4778215.967
60,SAC,2019-07-23 16:06,JM,NotFood,P7A,P7A:4,C115,0,0,0,0,0,0,,,-13598856.89,4778258.166
61,SAC,2019-07-23 16:13,JM,NotFood,P7A,P7A:4,C116,0,0,0,0,0,0,,,-13599088.49,4778377.141
62,SAC,2019-07-23 15:39,JM,Complete,P7A,P7A:4,C117,0,0,0,0.35,0.45,0.2,,,-13598661.92,4778373.159
63,SAC,2019-07-23 15:52,JM,Complete,P7A,P7A:4,C118,0,0,0,0.15,0.3,0.35,,,-13598738.39,4778490.691
64,SAC,2019-07-18 18:37,Therese Burns ,Complete,T14,T14:1,C119,0,0,0,35,0,0,,,-13600564.41,4782402.264
65,SAC,2019-07-16 17:05,KMO,Complete,T14,T14:2,C120,0,0,0,25,20,50,,VP4,-13600254.05,4782399.413
66,SAC,2019-07-16 17:37,KMO,Complete,T14,T14:2,C121,0,0,0,0,25,75,,VP4,-13599943.34,4782435.503
67,SAC,2019-07-18 17:56,Therese burns,Complete,T14,T14:1,C122,0,0,0,20,60,20,,,-13600757.68,4782481.943
68,SAC,2019-07-16 20:55,"KMO, JM",Complete,T14,T14:1,C123,0,0,0,20,40,40,,VP8,-13600446.96,4782518.05
69,SAC,2019-07-22 17:20,tb,Complete,P1A,P1A:1,C124,5,10,80,0,0,0,,,-13598972.74,4782504.404
70,SAC,2019-07-18 18:13,Therese Burns ,Complete,T14,T14:1,C125,0,0,0,50,20,30,,,-13600601.79,4782558.425
71,SAC,2019-07-16 19:35,KMO,Complete,T14,T14:2,C126,0,0,0,20,70,10,,VP5,-13600097.45,4782553.789
72,SAC,2019-07-16 20:45,"KMO, JM",Complete,T14,T14:1,C127,0,0,0,10,40,50,,C8,-13600407.1,4782634.548
73,SAC,2019-07-16 20:07,KMO,Complete,T14,T14:2,C128,0,0,0,65,35,0,,,-13600213.12,4782632.764
74,SAC,2019-07-16 18:28,KMO,Complete,T14,T14:2,C129,0,0,0,0,60,40,,Kmz disked,-13600019.14,4782630.976
75,SAC,2019-07-22 16:53,DT,Complete,P1A,P1A:1,C130,5,25,55,0,0,0,,,-13599165.28,4782662.018
76,SAC,2019-07-16 21:11,"KMO, JM",Complete,T14,T14:1,C131,0,0,0,10,50,0,,"40% non strata, VP8",-13600483.98,4782713.164
77,SAC,2019-07-16 20:04,KMO,NotFood,T14,T14:2,C132,0,0,0,0,0,0,,Tule,-13600134.46,4782748.905
78,SAC,2019-07-22 15:23,JM,Complete,T10,T10:3,C133,0,0,0,60,15,15,,,-13599977.14,4782981.19
79,SAC,2019-07-18 20:08,Therese  burns,Complete,T10,T10:3,C134,0,0,0,30,60,10,,,-13599860.75,4782980.115
80,SAC,2019-07-22 15:47,JM,Complete,T10,T10:3,C135,0,0,0,25,30,30,,,-13600092.1,4783138.077
81,SAC,2019-07-18 19:45,JM,Complete,T10,T10:3,C136,0,0,0,80,10,10,,,-13599896.33,4783331.057
82,SAC,2019-07-22 16:21,tB,Complete,T10,T10:3,C137,0,0,0,30,10,40,,,-13600245.16,4783373.232
83,SAC,2019-07-22 16:56,JM,Skipped,P1A,P1A:1,C138,0,0,0,0,0,0,,,-13599158.8,4783363.174
84,SAC,2019-07-22 16:24,DT,Complete,T10,T10:3,C139,0,0,0,0,20,80,,,-13600204.58,4783567.649
85,SAC,2019-07-22 17:19,JM,Complete,P1A,P1A:1,C140,15,70,15,0,0,0,,,-13598845.53,4783671.919
86,SAC,2019-07-22 17:32,JM,Complete,P1A,P1A:1,C141,30,40,30,0,0,0,,,-13599038.44,4783790.597
87,SAC,2019-07-22 17:46,JM,Complete,P1A,P1A:1,C142,50,50,0,0,0,0,,,-13598804.56,4783905.293
88,CLS,2019-07-29 16:00, TB,NotFood,T24,T24:5,C143,0,0,0,0,0,0,,Next to road. No Watergrass ,-13586945.77,4741565.35
89,CLS,2019-07-29 16:23, DT,Complete,T24,T24:5,C144,0,0,0,0.1,0.25,0.55,,,-13586713.95,4741562.92
90,CLS,2019-07-29 16:44, DT,Complete,T24,T24:5,C145,0,0,0,0.25,0.15,0.3,,,-13586558.59,4741638.886
91,CLS,2019-07-29 16:24, ,Complete,T24,T24:5,C146,0,0,0,0.2,0.2,0,,,-13586750.97,4741718.503
92,CLS,2019-07-29 16:04, ,Complete,T24,T24:5,C147,0,0,0,0.2,0.2,0,,Cattail,-13586518.74,4741754.863
93,CLS,2019-07-29 16:34, JM,Complete,T24,T24:5,C148,0,0,0,0.3,0,0,,,-13586866.08,4741797.307
94,CLS,2019-07-29 16:16, ,Complete,T24,T24:5,C149,0,0,0,0.4,0.15,0,,,-13586711.53,4741795.687
95,CLS,2019-07-29 17:42, TB,Complete,T24,T24:4,C150,0,0,0,0,0.3,0,,,-13586671.27,4741950.462
96,CLS,2019-07-29 17:55, TB,Complete,T24,T24:4,C151,0,0,0,0.05,0.15,0.7,,,-13586748.15,4741990.068
97,CLS,2019-07-29 17:30, DT,Complete,T24,T24:4,C152,0,0,0.05,0,0.2,0.3,,,-13586669.66,4742105.644
98,CLS,2019-07-29 17:15, DT,Complete,T24,T24:4,C153,0,0,0.25,0,0.6,0.15,,,-13586746.13,4742184.047
99,CLS,2019-07-29 17:26, ,Complete,T24,T24:4,C154,0,0,0,0.25,0.5,0.2,,,-13586783.96,4742262.046
100,CLS,2019-07-29 17:14, JM,Complete,T24,T24:4,C155,0,0,0,0.15,0.35,0,,,-13586590.76,4742260.018
101,CLS,2019-07-29 17:33, JM,Complete,T24,T24:4,C156,0,0,0,0.2,0.4,0.2,,,-13586705.87,4742338.828
102,CLS,2019-07-29 17:45, JM,Complete,T24,T24:4,C157,0,0,0,0.25,0.25,0.25,,,-13586551.31,4742337.205
103,CLS,, ,Skipped,T10,T10:3,C158,0,0,0,0,0,0,,Open water ,-13586317.97,4746176.779
104,CLS,2019-08-20 20:24,TB,NotFood,T10,T10:3,C159,0,0,0,0,0,0,,Cattails ,-13586626.8,4746218.845
105,CLS,2019-08-20 20:22,TB,NotFood,T10,T10:3,C160,0,0,0,0,0,0,,Timothy not developed,-13586472.18,4746217.219
106,CLS,2019-08-20 20:24,JM,NotFood,T10,T10:3,C161,0,0.9,0,0,0,0,,timothy young no seed head,-13586548.28,4746334.468
107,CLS,2019-08-20 20:17,TB,NotFood,T10,T10:3,C162,0,0,0,0,0,0,,Cattails,-13586431.91,4746372.059
108,CLS,2019-08-20 20:25,JM,NotFood,T10,T10:3,C163,0,0,0,0,0,0,,Cattail,-13586624.78,4746412.905
109,CLS,2019-08-20 20:13,JM,NotFood,T10,T10:3,C164,0,0,0,0,0,0,,All cattails,-13586468.94,4746527.716
110,CLS,2019-08-20 20:03,JM,Complete,T10,T10:3,C165,0,0,0,0.05,0,0,,,-13586854.7,4746609.403
111,CLS,2019-08-20 20:09,JM,NotFood,T10,T10:3,C166,0,0,0,0,0,0,,New Timothy not developed,-13586661.41,4746607.374
112,CLS,2019-07-25 17:06, JM,Complete,T6,T6:4,C167,0,0,0,0,0.05,0.95,,,-13586311.07,4746836.594
113,CLS,2019-07-25 16:54, JM,Complete,T6,T6:4,C168,0,0,0,0,0,1,,,-13586348.51,4746953.444
114,CLS,2019-07-25 16:38, JM,Complete,T6,T6:4,C169,0,0,0,0.3,0.35,0.3,,,-13586425.02,4747031.887
115,CLS,2019-07-25 16:15, TB,Complete,T6,T6:4,C170,0,0,0,0,0,0.55,,All watergrass is very young,-13586772.54,4747074.359
116,CLS,2019-07-25 16:29, TB,Complete,T6,T6:4,C171,0,0,0,0,0,0.95,,,-13586656.16,4747111.956
117,CLS,2019-07-25 17:00, KE,Complete,T6,T6:4,C172,0,0,0,0.05,0.1,0.75,,,-13586385.14,4747147.925
118,CLS,2019-07-25 16:45, KE,Complete,T6,T6:4,C173,0,0,0,0,0.3,0.7,,,-13586578.03,4747188.774
119,CLS,2019-07-25 16:21, JM,Complete,T6,T6:4,C174,0,0,0,0.1,0.1,0.7,,,-13586268.76,4747185.517
120,CLS,2019-07-29 15:18, ,Complete,T6,T6:3,C175,0,0,0.15,0.15,0,0.15,,,-13586731.86,4747268.03
121,CLS,2019-07-25 18:04, ,Complete,T6,T6:3,C176,0,0,0.1,0.3,0.4,0,,,-13586846.62,4747385.694
122,CLS,2019-07-29 15:05, JM,Complete,T6,T6:3,C177,0,0,0,0,0.2,0.3,,,-13586614.66,4747383.259
123,CLS,2019-07-29 14:54, ,Complete,T6,T6:3,C178,0,0,0,0.05,0,0.95,,,-13586421.37,4747381.225
124,CLS,2019-07-25 18:17, ,Complete,T6,T6:3,C179,0,0,0,0.8,0.2,0,,,-13586768.49,4747462.515
125,CLS,2019-07-29 14:29, TB,Complete,T6,T6:3,C180,0,0.3,0,0.15,0,0.05,,,-13586922.33,4747541.77
126,CLS,2019-07-25 18:29, JM,Complete,T6,T6:3,C181,0,0,0,0.2,0.25,0.15,,,-13586729.03,4747539.742
127,CLS,2019-07-29 14:39, JM,Complete,T6,T6:3,C182,0,0,0,0.1,0.4,0.4,,,-13586535.73,4747537.711
128,CLS,2019-07-29 14:46, TB,Complete,T6,T6:3,C183,0,0,0,0.2,0.45,0,,,-13586882.86,4747618.998
129,CLS,2019-07-29 15:04, TB,Complete,T6,T6:3,C184,0,0,0,0.05,0.45,0.45,,,-13586688.75,4747694.604
130,CLS,2019-07-25 18:17, KE,Complete,T6,T6:3,C185,0,0,0,0,0.05,0.95,,,-13586611.02,4747732.609
131,CLS,2019-07-25 17:54, TB,Complete,T6,T6:3,C186,0,0,0,0.2,0.8,0,,,-13586533.7,4747731.796
132,CLS,2019-07-25 14:58, JM,Complete,T6,T6:2,C187,0,0,0,0.25,0.3,0.3,,,-13587035.89,4747775.888
133,CLS,2019-07-25 15:12, JM,Complete,T6,T6:2,C188,0,0,0,0.15,0.4,0.15,,,-13586919.5,4747813.49
134,CLS,2019-07-25 15:37, JM,Complete,T6,T6:2,C189,0,0,0,0,0.05,0.95,,,-13586687.53,4747811.056
135,CLS,2019-07-25 15:27, ,Complete,T6,T6:2,C190,0,0,0,0,0.15,0.45,,,-13586803.11,4747851.092
136,CLS,, ,Skipped,T6,T6:2,C191,0,0,0,0,0,0,,,-13587150.66,4747893.555
137,CLS,2019-07-25 14:59, TB,Complete,T6,T6:2,C192,0,0,0,0.05,0.4,0.35,,,-13587266.24,4747933.585
138,CLS,2019-07-25 15:42, TB,Complete,T6,T6:2,C193,0,0,0,0.05,0.4,0.45,,,-13586956.55,4747969.167
139,CLS,2019-07-25 15:12, TB,Complete,T6,T6:2,C194,0,0,0,0.025,0.5,0.45,,,-13587188.12,4748010.413
140,CLS,2019-07-25 15:26, TB,Complete,T6,T6:2,C195,0,0,0,0,0.25,0.35,,,-13587071.73,4748048.019
141,CLS,2019-07-25 14:31, TB,Complete,T6,T6:1,C196,0,0,0,0.6,0,0,,,-13587496.61,4748091.28
142,CLS,2019-07-25 14:16, TB,Complete,T6,T6:1,C197,0,0.55,0,0.05,0.25,0.4,,,-13587418.08,4748206.93
143,CLS,2019-07-25 13:49, Tb,Complete,T6,T6:1,C198,0,0,0,0.2,0.2,0.45,,,-13587302.09,4748205.72
144,CLS,2019-07-25 13:58,TB,Complete,T6,T6:1,C199,0,0,0.1,0,0.7,0.2,,,-13587185.3,4748282.146
145,CLS,2019-07-25 13:47, JM,Complete,T6,T6:1,C200,0,0.6,0,0.05,0,0.05,,,-13587455.14,4748362.612
146,CLS,2019-07-25 14:30, JM,Complete,T6,T6:1,C201,0,0,0,0.6,0.3,0,,,-13587261.42,4748399.413
147,CLS,2019-07-25 14:14, JM,Complete,T6,T6:1,C202,0,0.2,0,0.05,0,0.05,,,-13587376.6,4748478.265
148,PIX,2019-08-08 16:35,TB,NotFood,6,6,C425,0,0,0,0,0,0,,All tall upland species and very dry. ,-13290803.86,4287836.454
149,PIX,,,NotVisited,7B,7B,C426,0,0,0,0,0,0,,,-13290285.38,4287854.342
150,PIX,2019-08-08 14:56,LD,Complete,8B,8B,C427,0.9,0.1,0,0,0,0,,,-13289879.07,4287839.228
151,PIX,,,NotVisited,8B,8B,C428,0,0,0,0,0,0,,,-13289729.96,4287870.829
152,PIX,,,NotVisited,9B,9B,C429,0,0,0,0,0,0,,,-13289471.4,4287861.2
153,PIX,2019-08-08 16:17,LD,Complete,7B,7B,C430,0,0.35,0.65,0,0,0,,,-13290430.39,4287934.034
154,PIX,,,NotVisited,7B,7B,C431,0,0,0,0,0,0,,,-13290171.83,4287924.422
155,PIX,2019-08-08 14:44,TB,Complete,9B,9B,C432,0.75,0.15,0.01,0,0,0,,,-13289359.22,4287894.171
156,PIX,,,NotVisited,6,6,C433,0,0,0,0,0,0,,,-13290983.09,4287991.713
157,PIX,2019-08-08 16:23,TB,Complete,7B,7B,C434,1,0,0,0,0,0,,,-13290281.27,4287965.643
158,PIX,,,NotVisited,9B,9B,C435,0,0,0,0,0,0,,,-13289579.47,4287939.527
159,PIX,2019-08-08 16:58,TB,Skipped,6,6,C436,0,0,0,0,0,0,,,-13291238.92,4288075.509
160,PIX,2019-08-08 15:03,TB,Complete,8B,8B,C437,0.95,0.05,0.01,0,0,0,,Low St-94%,-13289833.92,4288060.456
161,PIX,,,NotVisited,7B,7B,C438,0,0,0,0,0,0,,,-13290386.62,4288118.166
162,PIX,,,NotVisited,8B,8B,C439,0,0,0,0,0,0,,,-13290091.12,4288107.178
163,PIX,2019-08-08 14:36,LD,Complete,9B,9B,C440,0.4,0.35,0,0,0,0,,,-13289610.93,4288089.305
164,PIX,,TB,Complete,7B,7B,C441,0.6,0.25,0,0,0,0,,,-13290606.88,4288163.503
165,PIX,,,NotVisited,6,6,C442,0,0,0,0,0,0,,,-13291492.04,4288233.503
166,PIX,,,NotVisited,9B,9B,C443,0,0,0,0,0,0,,,-13289460.44,4288158.003
167,PIX,,,NotVisited,6,6,C444,0,0,0,0,0,0,,,-13291269.04,4288262.387
168,PIX,2019-08-08 15:12,LD,Complete,8B,8B,C445,0.3,0.6,0.1,0,0,0,,,-13290271.7,4288225.35
169,PIX,,,NotVisited,8B,8B,C446,0,0,0,0,0,0,,,-13289976.2,4288214.359
170,PIX,,,NotVisited,7A,7A,C447,0,0,0,0,0,0,,,-13290676.66,4288277.552
171,PIX,2019-08-08 14:25,TB,Complete,9B,9B,C448,0.25,0.3,0.55,0,0,0,,,-13289679.33,4288240.46
172,PIX,2019-08-08 16:00,LD,Complete,7A,7A,C449,0.55,0.4,0,0,0,0,,,-13290526.17,4288346.267
173,PIX,2019-08-08 15:21,TB,Complete,8A,8A,C450,0.75,0.25,0,0,0,0,,,-13290119.85,4288331.16
174,PIX,,,NotVisited,9A,9A,C451,0,0,0,0,0,0,,,-13289859.91,4288358.641
175,PIX,2019-08-08 15:52,TB,Complete,7A,7A,C452,0.9,0.05,0,0,0,0,,,-13290780.65,4288467.179
176,PIX,,,NotVisited,7A,7A,C453,0,0,0,0,0,0,,,-13290632.89,4288461.69
177,PIX,2019-08-08 15:28,LD,Complete,8A,8A,C454,0.2,0.6,0.2,0,0,0,,,-13290300.44,4288449.335
178,PIX,2019-08-08 16:48,LD,Complete,6,6,C455,0.8,0.15,0,0,0,0,,,-13291739.71,4288539.906
179,PIX,,,NotVisited,8A,8A,C456,0,0,0,0,0,0,,,-13290409.89,4288490.557
180,PIX,,,NotVisited,8A,8A,C457,0,0,0,0,0,0,,,-13290151.31,4288480.942
181,PIX,2019-08-08 14:04,TB,Complete,9A,9A,C458,0.25,0.55,0.2,0,0,0,,,-13289634.17,4288461.695
182,PIX,,,NotVisited,7A,7A,C459,0,0,0,0,0,0,,,-13290888.73,4288545.499
183,PIX,2019-08-08 14:17,LD,Complete,9A,9A,C460,0.25,0.6,0.15,0,0,0,,,-13289928.31,4288509.799
184,PIX,,,NotVisited,9A,9A,C461,0,0,0,0,0,0,,,-13289743.62,4288502.923
185,PIX,2019-08-08 15:38,TB,Complete,8A,8A,C462,0.5,0.05,0,0,0,0,,,-13290554.91,4288570.253
186,PIX,2019-08-08 15:45,LD,Complete,7A,7A,C463,0.55,0.35,0,0,0,0,,,-13290738.24,4288614.218
187,PIX,,,NotVisited,8A,8A,C464,0,0,0,0,0,0,,,-13290330.54,4288636.221
188,PIX,,,NotVisited,9A,9A,C465,0,0,0,0,0,0,,,-13289961.15,4288622.481
189,PIX,2019-08-08 13:48,LD,Complete,9A,9A,C466,0.25,0.25,0.25,0,0,0,,,-13289702.57,4288612.855
190,PIX,2019-08-08 17:30,TB,Complete,1,1,C467,0.025,0,0,0,0,0,,,-13291360.76,4288785.937
191,PIX,2019-08-08 16:57,GG,Complete,2A,2A,C468,0.1,0.75,0.15,0,0,0,,,-13291102.18,4288776.345
192,PIX,,,NotVisited,2,2,C469,0,0,0,0,0,0,,,-13290879.17,4288805.221
193,PIX,2019-08-08 15:18,GG,Complete,3,3,C470,0.75,0.2,0.05,0,0,0,,,-13290472.83,4288790.126
194,PIX,,,NotVisited,1,1,C471,0,0,0,0,0,0,,,-13291873.85,4288916.417
195,PIX,,,NotVisited,1,1,C472,0,0,0,0,0,0,,,-13291541.38,4288904.097
196,PIX,,,NotVisited,2A,2A,C473,0,0,0,0,0,0,,,-13291208.91,4288891.768
197,PIX,2019-08-08 15:05,GG,Complete,4A,4A,C474,0.75,0.2,0.05,0,0,0,,,-13290026.81,4288847.848
198,PIX,,,NotVisited,3,3,C475,0,0,0,0,0,0,,,-13290616.49,4288906.928
199,PIX,,,NotVisited,4,4,C476,0,0,0,0,0,0,,,-13289840.74,4288878.078
200,PIX,2019-08-08 17:08,GG,Complete,2A,2A,C477,1,0,0,0,0,0,,,-13291427.83,4288974.197
201,PIX,2019-08-08 16:46,GG,Complete,2,2,C478,0.8,0.15,0,0,0.05,0,,,-13291021.48,4288959.122
202,PIX,2019-08-08 17:08,TB,Complete,1,1,C479,0.25,0.25,0.3,0,0,0,,,-13292313.06,4289044.141
203,PIX,2019-08-08 15:30,GG,Complete,3,3,C480,0.1,0.2,0.7,0,0,0,,,-13290761.52,4288986.625
204,PIX,,,NotVisited,2A,2A,C481,0,0,0,0,0,0,,,-13291386.79,4289084.141
205,PIX,2019-08-08 15:49,GG,Complete,3,3,C482,0.2,0.4,0.35,0,0,0,,,-13290498.84,4289088.331
206,PIX,,,NotVisited,2,2,C483,0,0,0,0,0,0,,,-13291125.47,4289148.758
207,PIX,,,NotVisited,3,3,C484,0,0,0,0,0,0,,,-13290645.23,4289130.926
208,PIX,2019-08-08 14:03,GG,Complete,4,4,C485,0.6,0.25,0.15,0,0,0,,,-13289943.35,4289104.826
209,PIX,,,NotVisited,4,4,C486,0,0,0,0,0,0,,,-13289758.65,4289097.95
210,PIX,,,NotVisited,4A,4A,C487,0,0,0,0,0,0,,,-13290163.63,4289150.178
211,PIX,,,NotVisited,3,3,C488,0,0,0,0,0,0,,,-13290494.74,4289199.645
212,PIX,,,NotVisited,3A,3A,C489,0,0,0,0,0,0,,,-13290899.73,4289251.846
213,PIX,,,NotVisited,4A,4A,C490,0,0,0,0,0,0,,,-13290196.47,4289262.866
214,PIX,2019-08-08 14:14,GG,Complete,4,4,C491,0.8,0.2,0,0,0,0,,,-13289827.05,4289249.119
215,PIX,2019-08-08 17:18,GG,Complete,2A,2A,C492,0.4,0.6,0,0,0,0,,,-13291672.79,4289354.834
216,PIX,2019-08-08 16:38,GG,Complete,2,2,C493,0.9,0,0,0,0,0,,,-13291414.19,4289345.248
217,PIX,,,NotVisited,3A,3A,C494,0,0,0,0,0,0,,,-13291043.4,4289368.648
218,PIX,2019-08-08 15:57,GG,Complete,3A,3A,C495,0.2,0.7,0.1,0.1,0,0,,,-13290673.98,4289354.929
219,PIX,2019-08-08 14:55,GG,Complete,4A,4A,C496,0,0.15,0,0.85,0,0,,,-13290045.96,4289331.579
220,PIX,,,NotVisited,1,1,C497,0,0,0,0,0,0,,,-13292224.2,4289449.569
221,PIX,,,NotVisited,2,2,C498,0,0,0,0,0,0,,,-13291556.5,4289499.151
222,PIX,,,NotVisited,4A,4A,C499,0,0,0,0,0,0,,,-13290300.45,4289452.514
223,PIX,2019-08-08 17:19,LD,Complete,1,1,C500,0.2,0.5,0,0,0,0,,,-13292626.5,4289575.921
224,PIX,,,NotVisited,2A,2A,C501,0,0,0,0,0,0,,,-13291887.63,4289548.578
225,PIX,,,NotVisited,4,4,C502,0,0,0,0,0,0,,,-13289892.72,4289474.501
226,PIX,2019-08-08 16:19,GG,Complete,3A,3A,C503,0.8,0.1,0,0,0,0,,,-13291147.4,4289558.291
227,PIX,2019-08-08 12:35,GG,Complete,3A,3A,C504,0.95,0.05,0,0,0,0,,,-13290554.95,4289573.446
228,PIX,2019-08-08 16:28,GG,Complete,2,2,C505,0.45,0.05,0,0,0,0,,,-13291440.22,4289643.467
229,PIX,,,NotVisited,3A,3A,C506,0,0,0,0,0,0,,,-13290738.3,4289617.415
230,PIX,2019-08-08 14:43,GG,Complete,4A,4A,C507,0.65,0.1,0,0.1,0.1,0.05,,,-13290258.04,4289599.564
231,PIX,2019-08-08 14:22,GG,Complete,4,4,C508,0.1,0.65,0.25,0.05,0,0,,,-13289962.5,4289588.568
232,KRN,2019-08-06 19:13,LD,Complete,4B,4B-4,C203,0.2,0.8,0,0,0,0,,,-13315553.87,4261969.634
233,KRN,,,NotVisited,4B,4B-1,C204,0,0,0,0,0,0,,,-13316289.77,4262032.195
234,KRN,2019-08-06 17:17,TB,Complete,4B,4B-2,C205,1,0,0,0,0,0,,,-13315847.47,4262016.878
235,KRN,2019-08-06 19:04,TB,Complete,4B,4B-4,C206,1,0,0,0,0,0,,,-13315476.33,4262078.145
236,KRN,,,NotVisited,4B,4B-4,C207,0,0,0,0,0,0,,,-13315328.9,4262073.03
237,KRN,,,NotVisited,4B,4B-4,C208,0,0,0,0,0,0,,,-13315181.46,4262067.913
238,KRN,2019-08-06 16:55,JM,Complete,4B,4B-1,C209,0.2,0.4,0.4,0,0,0,,,-13316543.98,4262152.192
239,KRN,,,NotVisited,4B,4B-1,C210,0,0,0,0,0,0,,,-13316433.4,4262148.366
240,KRN,,,NotVisited,4B,4B-2,C211,0,0,0,0,0,0,,,-13315731.8,4262161.137
241,KRN,,,NotVisited,4B,4B-4,C212,0,0,0,0,0,0,,,-13315400.07,4262149.633
242,KRN,2019-08-06 16:21,LD,Complete,4B,4B-2,C213,0,0.1,0,0,0.8,0,,,-13315914.83,4262204.547
243,KRN,2019-08-06 16:17,JM,Complete,4B,4B-1,C214,0.2,0.65,0.15,0,0,0,,,-13316208.43,4262251.783
244,KRN,2019-08-06 19:09,JM,NotFood,4B,4B-4,C215,0,0,0,0,0,0,,Cattail,-13315250.08,4262218.563
245,KRN,,,NotVisited,4B,4B-2,C216,0,0,0,0,0,0,,,-13315837.29,4262313.063
246,KRN,2019-08-07 18:11,TB,Complete,14,14A-2,C217,0.7,0,0,0,0,0,,,-13318008.26,4262499.284
247,KRN,2019-08-06 16:35,JM,Complete,4B,4B-1,C218,0.4,0.2,0,0,0,0,,,-13316460.11,4262445.832
248,KRN,,,NotVisited,4B,4B-2,C219,0,0,0,0,0,0,,,-13315980.92,4262429.243
249,KRN,2019-08-06 16:55,TB,Complete,4B,4B-2,C220,0,0,0,0,0,0.85,,,-13315759.76,4262421.579
250,KRN,,,NotVisited,4B,4B-1,C221,0,0,0,0,0,0,,,-13316237.67,4262475.202
251,KRN,,,NotVisited,4A,4A-5,C222,0,0,0,0,0,0,,,-13315902.11,4262574.786
252,KRN,2019-08-07 18:33,JM,Complete,14,14A-2,C223,0.3,0,0,0,0,0,,,-13318259.97,4262693.298
253,KRN,,,NotVisited,14,14A-2,C224,0,0,0,0,0,0,,,-13317965.08,4262683.14
254,KRN,2019-08-06 17:55,GG,Complete,4A,4A-5,C225,0.05,0.15,0.8,0,0,0,,,-13316085.15,4262618.195
255,KRN,,,NotVisited,4A,4A-5,C226,0,0,0,0,0,0,,,-13315677.13,4262678.194
256,KRN,2019-08-07 18:42,TB,NotFood,14,14A-1,C227,0,0,0,0,0,0,,Upland species and sunflowers. Very dry ,-13318439.23,4262847.747
257,KRN,2019-08-07 18:23,LD,NotFood,14,14A-2,C228,0,0,0,0,0,0,, Dry site. Sunflowers present. ,-13317848.17,4262864.458
258,KRN,2019-08-06 17:40,GG,Complete,4A,4A-5,C229,0.15,0.6,0.25,0,0,0,,,-13315857.62,4262795.658
259,KRN,2019-08-06 18:15,TB,Complete,4A,4A-2,C230,0,0.15,0.85,0,0,0,,,-13316114.38,4262841.622
260,KRN,2019-08-06 17:27,JM,Complete,4A,4A-5,C231,0,0.3,0.7,0,0,0,,,-13315635.18,4262825.016
261,KRN,2019-08-06 17:50,LD,Complete,4A,4A-7,C232,0.5,0.3,0.2,0,0,0,,,-13315414.01,4262817.345
262,KRN,,,NotVisited,14,14A-2,C233,0,0,0,0,0,0,,,-13318028.69,4262981.889
263,KRN,,,NotVisited,14,14B-2,C234,0,0,0,0,0,0,,,-13318727.82,4263043.027
264,KRN,2019-08-06 17:42,TB,Skipped,4A,4A-7,C235,0,0,0,0,0,0,,In the middle of cattails,-13314967.85,4262913.064
265,KRN,,,NotVisited,4A,4A-2,C236,0,0,0,0,0,0,,,-13316404.2,4262999.935
266,KRN,,,NotVisited,4A,4A-2,C237,0,0,0,0,0,0,,,-13315924.99,4262983.341
267,KRN,,,NotVisited,4A,4A-5,C238,0,0,0,0,0,0,,,-13315666.95,4262974.397
268,KRN,,,NotVisited,14,14A-1,C239,0,0,0,0,0,0,,,-13318319.8,4263103.127
269,KRN,,,NotVisited,14,14A-2,C240,0,0,0,0,0,0,,,-13317803.71,4263085.346
270,KRN,2019-08-06 18:28,LD,Complete,4A,4A-2,C241,0,0.75,0.25,0,0,0,,,-13316108.03,4263026.751
271,KRN,,,NotVisited,4A,4A-7,C242,0,0,0,0,0,0,,,-13315002.16,4262988.395
272,KRN,,,NotVisited,4A,4A-7,C243,0,0,0,0,0,0,,,-13314854.72,4262983.273
273,KRN,2019-08-07 19:26,LD,NotFood,14,14B-2,C244,0,0,0,0,0,0,,Upland species present. ,-13318576.58,4263149.036
274,KRN,2019-08-07 18:47,LD,Complete,14,14A-1,C245,0.6,0,0,0,0,0,,,-13318097.36,4263132.537
275,KRN,2019-08-06 18:44,TB,Complete,4A,4A-2,C246,0.1,0.3,0.6,0,0,0,,Very low water grass spread through the Timothy covering 70% of circle plot,-13316252.94,4263105.91
276,KRN,,,NotVisited,4A,4A-7,C247,0,0,0,0,0,0,,,-13315293.24,4263109.712
277,KRN,2019-08-09 13:35,JM,NotFood,14,14B-1,C248,0,0,0,0,0,0,,Upland species annual atraplex prickly lettuce,-13319310.08,4263285.462
278,KRN,2019-08-06 18:47,GG,Complete,4A,4A-1,C249,0.85,0.15,0,0,0,0,,,-13316434.71,4263186.342
279,KRN,2019-08-06 17:23,Tb,Complete,4A,4A-7,C250,0.5,0.15,0.05,0,0,0,,,-13315107.65,4263140.34
280,KRN,,,NotVisited,4A,4A-2,C251,0,0,0,0,0,0,,,-13316101.67,4263211.884
281,KRN,2019-08-09 13:42,GG,Complete,14,14B-1,C252,0.35,0,0,0,0,0,,Type 2 Timothy,-13319049.5,4263350.653
282,KRN,2019-08-07 19:15,JM,Complete,14,14B-2,C253,0.45,0,0,0,0,0,,,-13318644,4263336.711
283,KRN,,,NotVisited,14,14A-1,C254,0,0,0,0,0,0,,,-13318238.49,4263322.754
284,KRN,2019-08-07 18:55,JM,NotFood,14,14A-1,C255,0,0,0,0,0,0,,Upland species grasses,-13317980.44,4263313.864
285,KRN,,,NotVisited,4A,4A-6,C256,0,0,0,0,0,0,,,-13315325,4263259.097
286,KRN,,,NotVisited,14,14A-1,C257,0,0,0,0,0,0,,,-13317867.32,4263384.107
287,KRN,,,NotVisited,14,14B-1,C258,0,0,0,0,0,0,,,-13319377.51,4263473.135
288,KRN,,,NotVisited,4A,4A-1,C259,0,0,0,0,0,0,,,-13316207.18,4263363.821
289,KRN,2019-08-06 19:55,GG,Complete,4A,4A-6,C260,0.1,0.15,0,0,0,0,,,-13315063.14,4263361.218
290,KRN,,,NotVisited,4A,4A-1,C261,0,0,0,0,0,0,,,-13316388.96,4263444.257
291,KRN,,,NotVisited,14,14B-1,C262,0,0,0,0,0,0,,,-13319115.67,4263575.358
292,KRN,2019-08-06 19:36,GG,Complete,4A,4A-6,C263,0.45,0,0,0,0,0,,,-13315318.64,4263444.232
293,KRN,2019-08-07 19:02,TB,NotFood,14,14B-2,C264,0,0,0,0,0,0,,Upland species and rabbit tail ,-13317824.13,4263567.978
294,KRN,,,NotVisited,14,14B-1,C265,0,0,0,0,0,0,,,-13318744.49,4263636.743
295,KRN,,,NotVisited,4A,4A-3,C266,0,0,0,0,0,0,,,-13315611,4263528.519
296,KRN,2019-08-06 20:04,GG,Complete,4A,4A-6,C267,0.8,0.15,0.05,0,0,0,,,-13314800,4263500.361
297,KRN,2019-08-09 13:55,GG,Complete,14,14B-1,C268,0.5,0.05,0,0,0,0,,,-13319185.62,4263688.979
298,KRN,,,NotVisited,14,14B-2,C269,0,0,0,0,0,0,,,-13318300.84,4263658.548
299,KRN,2019-08-06 18:33,GG,Complete,4A,4A-1,C270,0,0.15,0.05,0.8,0,0,,,-13316236.42,4263587.264
300,KRN,,,NotVisited,4A,4A-6,C271,0,0,0,0,0,0,,,-13315019.9,4263545.074
301,KRN,,,NotVisited,4A,4A-3,C272,0,0,0,0,0,0,,,-13315497.86,4263598.738
302,KRN,,,NotVisited,14,14B-2,C273,0,0,0,0,0,0,,,-13317892.8,4263718.635
303,KRN,,,NotVisited,4A,4A-1,C274,0,0,0,0,0,0,,,-13316343.2,4263702.177
304,KRN,2019-08-06 19:41,LD,Complete,4A,4A-3,C275,0.4,0.3,0.15,0,0,0,,,-13315642.77,4263677.909
305,KRN,,,NotVisited,4A,4A-6,C276,0,0,0,0,0,0,,,-13315126.67,4263659.998
306,KRN,2019-08-09 14:04,GG,NotFood,14,14C-2,C277,0,0,0,0,0,0,,,-13319364.9,4263843.429
307,KRN,,,NotVisited,4A,4A-3,C278,0,0,0,0,0,0,,,-13315861.41,4263759.634
308,KRN,2019-08-06 19:47,TB,Complete,4A,4A-3,C279,0.95,0.05,0,0,0,0,,,-13315750.82,4263755.8
309,KRN,2019-08-06 18:21,GH,Complete,4A,4A-1,C280,0.15,0.25,0.6,0,0,0,,,-13316191.93,4263808.158
310,KRN,2019-08-06 19:31,TB,Complete,4A,4A-3,C281,0.9,0.05,0,0,0,0,,,-13315454.63,4263782.6
311,KRN,,,NotVisited,14,14D-2,C282,0,0,0,0,0,0,,,-13318107.67,4263911.405
312,KRN,,,NotVisited,14,14C-2,C283,0,0,0,0,0,0,,,-13319138.66,4263983.951
313,KRN,2019-08-09 14:21,JM,NotFood,14,14C-2,C284,0,0,0,0,0,0,,,-13318991.2,4263978.884
314,KRN,2019-08-09 16:41,JM,NotFood,14,14D-1,C285,0,0,0,0,0,0,,,-13318585.66,4263964.937
315,KRN,,,NotVisited,14,14D-2,C286,0,0,0,0,0,0,,,-13317883.94,4263977.841
316,KRN,2019-08-07 16:26,GG,Complete,5A,5A-7,C287,0.35,0.3,0.35,0,0,0,,,-13315192.75,4263884.728
317,KRN,,,NotVisited,14,14C-2,C288,0,0,0,0,0,0,,,-13318692.48,4264079.833
318,KRN,,,NotVisited,5A,5A-7,C289,0,0,0,0,0,0,,,-13315337.67,4263963.905
319,KRN,2019-08-09 14:10,GG,Complete,14,14C-2,C290,0.95,0,0,0,0,0,,,-13319207.35,4264134.607
320,KRN,2019-08-07 15:08,GG,Complete,5A,5A-4,C291,0.95,0.05,0,0,0,0,,,-13316073.7,4264026.501
321,KRN,2019-08-09 15:24,GG,Complete,14,14D-1,C292,0.01,0,0,0,0,0,,,-13318395.01,4264143.744
322,KRN,2019-08-09 15:25,GG,NotFood,14,14D-2,C293,0,0,0,0,0,0,,,-13318136.95,4264134.856
323,KRN,,,NotVisited,5A,5A-4,C294,0,0,0,0,0,0,,,-13316330.49,4264072.468
324,KRN,,,NotVisited,14,14C-2,C295,0,0,0,0,0,0,,,-13318873.02,4264197.265
325,KRN,,,NotVisited,14,14D-2,C296,0,0,0,0,0,0,,,-13317913.21,4264201.293
326,KRN,2019-08-07 14:59,GG,Complete,5A,5A-4,C297,0.45,0.55,0,0,0,0,,,-13315885.56,4264131.203
327,KRN,,,NotVisited,5A,5A-7,C298,0,0,0,0,0,0,,,-13315368.16,4264150.331
328,KRN,,,NotVisited,14,14C-1,C299,0,0,0,0,0,0,,,-13319311.65,4264323.562
329,KRN,,,NotVisited,5A,5A-4,C300,0,0,0,0,0,0,,,-13315698.68,4264198.872
330,KRN,,,NotVisited,5A,5A-7,C301,0,0,0,0,0,0,,,-13315108.83,4264178.401
331,KRN,,,NotVisited,14,14D-1,C302,0,0,0,0,0,0,,,-13318388.7,4264328.898
332,KRN,,,NotVisited,5A,5A-1,C303,0,0,0,0,0,0,,,-13316287.27,4264256.341
333,KRN,2019-08-09 14:34,GG,Complete,14,14C-1,C304,0.05,0,0,0,0,0,,,-13318903.58,4264383.689
334,KRN,2019-08-09 15:25,GG,NotFood,14,14D-2,C305,0,0,0,0,0,0,,,-13317908.15,4264349.417
335,KRN,2019-08-07 16:16,GG,Complete,5A,5A-7,C306,0.75,0.25,0,0,0,0,,,-13315327.47,4264260.141
336,KRN,2019-08-07 14:43,GG,Complete,5A,5A-4,C307,0.3,0.6,0.1,0,0,0,,,-13315989.8,4264320.186
337,KRN,,,NotVisited,5A,5A-4,C308,0,0,0,0,0,0,,,-13315842.33,4264315.075
338,KRN,,,NotVisited,5A,5A-1,C309,0,0,0,0,0,0,,,-13316320.33,4264368.709
339,KRN,2019-08-07 13:44,GG,Complete,5A,5A-1,C310,1,0,0,0,0,0,,,-13316172.86,4264363.603
340,KRN,2019-08-07 16:04,GG,Complete,5A,5A-7,C311,0.95,0.05,0,0,0,0,,,-13315029.99,4264323.959
341,KRN,2019-08-09 15:40,GG,Complete,14,14D-1,C312,0.15,0,0,0,0,0,,,-13318271.77,4264510.247
342,KRN,2019-08-09 14:43,JM,NotFood,14,14C-1,C313,0,0,0,0,0,0,,,-13318712.93,4264562.508
343,KRN,2019-08-07 14:22,GG,Complete,5A,5A-3,C314,0.9,0,0,0,0,0,,,-13315616.04,4264455.527
344,KRN,,,NotVisited,14,14C-1,C315,0,0,0,0,0,0,,,-13319006.61,4264609.684
345,KRN,,,NotVisited,5A,5A-1,C316,0,0,0,0,0,0,,,-13316278.38,4264515.557
346,KRN,2019-08-07 14:33,GG,Complete,5A,5A-3,C317,1,0,0,0,0,0,,,-13315909.7,4264502.784
347,KRN,2019-08-09 14:58,JM,Complete,14,14C-1,C318,0.6,0.1,0,0,0,0,,,-13319300.3,4264656.851
348,KRN,2019-08-09 15:54,JM,NotFood,14,14D-2,C319,0,0,0,0,0,0,,,-13318008.64,4264649.483
349,KRN,2019-08-07 15:51,GG,Complete,5A,5A-5,C320,0.95,0.05,0,0,0,0,,,-13315169.81,4264551.264
350,KRN,,,NotVisited,14,14C-1,C321,0,0,0,0,0,0,,,-13318523.53,4264704.294
351,KRN,,,NotVisited,5A,5A-3,C322,0,0,0,0,0,0,,,-13315537.21,4264601.093
352,KRN,2019-08-07 14:15,GG,Complete,5A,5A-3,C323,0.95,0.05,0,0,0,0,,,-13315719,4264681.55
353,KRN,2019-08-07 13:51,GG,Complete,5A,5A-1,C324,0.9,0,0,0,0,0,,,-13316197.01,4264735.192
354,KRN,,,NotVisited,5A,5A-5,C325,0,0,0,0,0,0,,,-13315312.18,4264704.509
355,KRN,,,NotVisited,14,14D-1,C326,0,0,0,0,0,0,,,-13318260.39,4264843.539
356,KRN,,,NotVisited,14,14D-1,C327,0,0,0,0,0,0,,,-13317928.57,4264832.104
357,KRN,2019-08-09 15:02,LD,NotFood,14,14E-1,C328,0,0,0,0,0,0,,Upland species present. ,-13319144,4264911.016
358,KRN,,,NotVisited,5A,5A-3,C329,0,0,0,0,0,0,,,-13315824.52,4264833.512
359,KRN,2019-08-07 13:38,LD,Complete,5B,5B-7,C330,0.1,0.8,0.1,0,0,0,,,-13315013.42,4264805.36
360,KRN,2019-08-07 14:03,GG,Complete,5A,5A-1,C331,1,0,0,0,0,0,,,-13315970.72,4264875.656
361,KRN,,,NotVisited,5A,5A-3,C332,0,0,0,0,0,0,,,-13315638.9,4264864.151
362,KRN,2019-08-07 15:35,GG,Complete,5A,5A-5,C333,0,0.4,0.45,0.15,0,0,,,-13315417.69,4264856.476
363,KRN,,,NotVisited,5A,5A-5,C334,0,0,0,0,0,0,,,-13315159.61,4264847.515
364,KRN,,,NotVisited,5A,5A-5,C335,0,0,0,0,0,0,,,-13315305.81,4264889.668
365,KRN,,,NotVisited,14,14E-1,C336,0,0,0,0,0,0,,,-13318880.86,4265050.278
366,KRN,2019-08-09 15:10,LD,Complete,14,14E-1,C337,0.5,0.2,0,0,0,0,,,-13318733.38,4265045.205
367,KRN,2019-08-09 15:19,TB,NotFood,14,14E-2,C338,0,0,0,0,0,0,,All upland species. ,-13318363.42,4265069.548
368,KRN,,,NotVisited,14,14E-2,C339,0,0,0,0,0,0,,,-13317736.63,4265047.945
369,KRN,2019-08-07 15:25,GG,Complete,5A,5A-5,C340,0.9,0.1,0,0,0,0,,,-13315450.74,4264968.852
370,KRN,2019-08-09 15:37,LD,NotFood,14,14E-2,C341,0,0,0,0,0,0,,Upland species present. ,-13317993.45,4265093.878
371,KRN,,,NotVisited,5B,5B-2,C342,0,0,0,0,0,0,,,-13316186.84,4265031.451
372,KRN,2019-08-07 16:13,TB,Complete,5B,5B-2,C343,0.5,0.01,0,0,0,0,,,-13316113.11,4265028.896
373,KRN,,,NotVisited,5B,5B-7,C344,0,0,0,0,0,0,,,-13315228.25,4264998.204
374,KRN,,,NotVisited,14,14E-2,C345,0,0,0,0,0,0,,,-13318176.54,4265137.266
375,KRN,2019-08-07 13:46,TB,Complete,5B,5B-7,C346,0.7,0.3,0,0,0,0,,,-13315078.23,4265067.147
376,KRN,,,NotVisited,5B,5B-2,C347,0,0,0,0,0,0,,,-13316035.55,4265137.44
377,KRN,2019-08-09 14:56,Tb,NotFood,14,14-F,C348,0,0,0,0,0,0,,All highlands species,-13319242,4265285.158
378,KRN,2019-08-07 16:04,LD,Complete,5B,5B-2,C349,0.65,0.35,0,0,0,0,,,-13316218.63,4265180.86
379,KRN,2019-08-07 15:04,TB,Complete,5B,5B-5,C350,0.15,0.05,0.5,0,0,0,,,-13315333.76,4265150.176
380,KRN,,,NotVisited,5B,5B-7,C351,0,0,0,0,0,0,,,-13315001.94,4265138.65
381,KRN,,,NotVisited,5B,5B-7,C352,0,0,0,0,0,0,,,-13314890.05,4265171.839
382,KRN,,,NotVisited,5B,5B-2,C353,0,0,0,0,0,0,,,-13316105.47,4265251.095
383,KRN,,,NotVisited,14,14E-1,C354,0,0,0,0,0,0,,,-13318353.3,4265365.822
384,KRN,2019-08-09 15:41,LD,NotFood,14,14E-2,C355,0,0,0,0,0,0,,Upland species. ,-13317837.11,4265348.032
385,KRN,2019-08-07 15:43,LD,Complete,5B,5B-3,C356,0.1,0,0,0,0,0,,,-13315882.98,4265280.462
386,KRN,,,NotVisited,5B,5B-5,C357,0,0,0,0,0,0,,,-13315181.18,4265293.187
387,KRN,2019-08-07 13:56,LD,Complete,5B,5B-7,C358,0,0.25,0.75,0,0,0,,,-13314959.97,4265285.501
388,KRN,2019-08-07 15:52,TB,Complete,5B,5B-2,C359,0.85,0,0,0,0,0,,Very low density ST. Whole circle pot is covered in tall sedge with Timothy growing below it ,-13316027.92,4265359.641
389,KRN,2019-08-09 14:49,TB,NotFood,14,14-F,C360,0,0,0,0,0,0,,All highland species,-13318828.84,4265493.425
390,KRN,2019-08-07 16:27,TB,Complete,5B,5B-1,C361,0,0.2,0.8,0,0,0,,,-13316209.73,4265440.097
391,KRN,,,NotVisited,14,14-F,C362,0,0,0,0,0,0,,,-13319268.78,4265582.706
392,KRN,,,NotVisited,14,14-F,C363,0,0,0,0,0,0,,,-13318605.08,4265559.883
393,KRN,,,NotVisited,14,14E-2,C364,0,0,0,0,0,0,,,-13317830.78,4265533.206
394,KRN,2019-08-07 15:19,LD,Complete,5B,5B-3,C365,0.4,0.1,0,0,0,0,,,-13315692.27,4265459.239
395,KRN,2019-08-07 14:55,TB,Skipped,5B,5B-5,C366,0,0,0,0,0,0,,In very high and dense cocklebur and tule.  ,-13315360.44,4265447.723
396,KRN,,,NotVisited,5B,5B-6,C367,0,0,0,0,0,0,,,-13314807.38,4265428.509
397,KRN,2019-08-09 14:32,TB,NotFood,14,14-F,C368,0,0,0,0,0,0,,Highland species and bromus,-13318271.97,4265585.492
398,KRN,,,NotVisited,5B,5B-1,C369,0,0,0,0,0,0,,,-13316022.83,4265507.778
399,KRN,,,NotVisited,5B,5B-5,C370,0,0,0,0,0,0,,,-13315174.81,4265478.356
400,KRN,,,NotVisited,14,14-F,C371,0,0,0,0,0,0,,,-13318934.41,4265645.371
401,KRN,2019-08-09 14:35,LD,NotFood,14,14E-1,C372,0,0,0,0,0,0,,Upland plants,-13318123.22,4265617.446
402,KRN,,,NotVisited,5B,5B-3,C373,0,0,0,0,0,0,,,-13315837.2,4265538.422
403,KRN,2019-08-07 14:05,TB,Complete,5B,5B-6,C374,0.75,0.25,0,0,0,0,,,-13314952.31,4265507.703
404,KRN,2019-08-07 16:36,TB,Complete,5B,5B-1,C375,1,0,0,0,0,0,,,-13316020.29,4265581.847
405,KRN,,,NotVisited,14,14E-1,C376,0,0,0,0,0,0,,,-13317936.33,4265685.162
406,KRN,,,NotVisited,5B,5B-1,C377,0,0,0,0,0,0,,,-13316166.5,4265623.992
407,KRN,2019-08-07 15:27,TB,Complete,5B,5B-3,C378,0.5,0.5,0,0,0,0,,,-13315759.64,4265646.968
408,KRN,,,NotVisited,5B,5B-5,C379,0,0,0,0,0,0,,,-13315464.68,4265636.734
409,KRN,2019-08-07 14:15,LD,Complete,5B,5B-6,C380,1,0,0,0,0,0,,,-13314837.87,4265614.961
410,KRN,2019-08-07 16:49,LD,Complete,5B,5B-1,C381,0.6,0.2,0.05,0,0,0,,,-13316200.83,4265699.339
411,KRN,,,NotVisited,5B,5B-3,C382,0,0,0,0,0,0,,,-13315610.89,4265678.887
412,KRN,,,NotVisited,5B,5B-1,C383,0,0,0,0,0,0,,,-13316052.07,4265731.264
413,KRN,,,NotVisited,5B,5B-3,C384,0,0,0,0,0,0,,,-13315867.71,4265724.874
414,KRN,2019-08-09 14:10,TB,Complete,14,14G-1,C385,0.25,0,0,0,0,0,,,-13318447.48,4265851.093
415,KRN,,,NotVisited,5B,5B-6,C386,0,0,0,0,0,0,,,-13314944.66,4265729.91
416,KRN,,,NotVisited,5B,5B-6,C387,0,0,0,0,0,0,,,-13314797.17,4265724.782
417,KRN,2019-08-09 13:39,LD,Complete,14,14G-1,C388,0.4,0,0,0,0,0,,"60 percent is dry, gray, very dead Timothy. Unmeasurable",-13319257.43,4265916.033
418,KRN,2019-08-07 14:40,LD,Complete,5B,5B-5,C389,0.35,0,0,0,0,0,,,-13315348.97,4265781.034
419,KRN,2019-08-07 14:24,TB,Complete,5B,5B-6,C390,0.3,0.5,0,0,0,0,,,-13314574.67,4265754.123
420,KRN,2019-08-09 14:18,LD,NotFood,14,14G-2,C391,0,0,0,0,0,0,,All highland species,-13318149.97,4265915.004
421,KRN,,,NotVisited,14,14G-1,C392,0,0,0,0,0,0,,,-13318774.29,4266010.662
422,KRN,2019-08-07 16:55,GG,Complete,6A,6A-2,C393,0.65,0.2,0.05,0,0,0,,,-13315087.04,4265883.175
423,KRN,2019-08-06 15:27,LD ,Complete,6A,6A-5,C394,0.4,0.6,0,0,0,0,,,-13314420.8,4265934.165
424,KRN,2019-08-07 17:02,TB,Complete,6A,6A-1,C395,1,0,0,0,0,0,,,-13315525.68,4266009.646
425,KRN,,,NotVisited,6A,6A-1,C396,0,0,0,0,0,0,,,-13315267.57,4266000.686
426,KRN,,,NotVisited,6A,6A-2,C397,0,0,0,0,0,0,,,-13314935.73,4265989.156
427,KRN,2019-08-06 15:13,TB,Complete,6A,6A-5,C398,0.7,0.25,0,0,0,0,,,-13314235.16,4265964.782
428,KRN,,,NotVisited,14,14G-2,C399,0,0,0,0,0,0,,,-13318142.38,4266137.225
429,KRN,,,NotVisited,14,14G-1,C400,0,0,0,0,0,0,,,-13319357.96,4266216.133
430,KRN,,,NotVisited,6A,6A-1,C401,0,0,0,0,0,0,,,-13315484.98,4266119.475
431,KRN,,,NotVisited,6A,6A-5,C402,0,0,0,0,0,0,,,-13314305.07,4266078.456
432,KRN,,,NotVisited,6A,6A-5,C403,0,0,0,0,0,0,,,-13314083.84,4266070.751
433,KRN,,,NotVisited,14,14G-2,C404,0,0,0,0,0,0,,,-13318247.94,4266289.187
434,KRN,,,NotVisited,6A,6A-2,C405,0,0,0,0,0,0,,,-13315039.96,4266178.18
435,KRN,2019-08-09 14:04,LD,NotFood,14,14G-2,C406,0,0,0,0,0,0,,,-13318799.79,4266345.269
436,KRN,2019-08-07 17:14,LD,Complete,6A,6A-1,C407,1,0,0,0,0,0,,,-13315407.42,4266228.024
437,KRN,2019-08-06 14:42,JM,Complete,6A,6A-5,C408,1,0,0,0,0,0,,,-13314006.26,4266179.289
438,KRN,,,NotVisited,6A,6A-5,C409,0,0,0,0,0,0,,,-13314189.34,4266222.748
439,KRN,2019-08-09 13:49,TB,Complete,14,14G-1,C410,0.5,0.025,0,0,0,0,,,-13319239.77,4266434.561
440,KRN,,,NotVisited,6A,6A-4,C411,0,0,0,0,0,0,,,-13313744.31,4266281.4
441,KRN,2019-08-06 15:07,JM,Complete,6A,6A-4,C412,0.1,0.5,0.2,0,0,0,,,-13313927.39,4266324.864
442,KRN,2019-08-07 17:22,GG,Complete,6A,6A-2,C413,0.9,0.1,0,0,0,0,,,-13315031.03,4266437.437
443,KRN,2019-08-06 15:43,JM,Complete,6A,6A-4,C414,0.15,0.4,0.2,0,0,0,,,-13314293.57,4266411.783
444,KRN,2019-08-06 15:30,JM,Complete,6A,6A-4,C415,0.15,0.5,0.35,0,0,0,,,-13314146.07,4266406.646
445,KRN,2019-08-07 17:30,TB,Complete,6A,6A-1,C416,0.1,0.85,0.05,0,0,0,,,-13315214.13,4266480.88
446,KRN,,,NotVisited,6A,6A-4,C417,0,0,0,0,0,0,,,-13313960.43,4266437.258
447,KRN,,,NotVisited,6A,6A-2,C418,0,0,0,0,0,0,,,-13314990.33,4266547.268
448,KRN,,,NotVisited,6A,6A-4,C419,0,0,0,0,0,0,,,-13314179.11,4266519.041
449,KRN,,,NotVisited,14,14G-1,C420,0,0,0,0,0,0,,,-13319229.67,4266730.874
450,KRN,,,NotVisited,6A,6A-1,C421,0,0,0,0,0,0,,,-13315356.52,4266634.154
451,KRN,2019-08-07 17:12,GG,Complete,6A,6A-2,C422,1,0,0,0,0,0,,,-13314840.28,4266616.215
452,KRN,,,NotVisited,14,14G-2,C423,0,0,0,0,0,0,,,-13318784.64,4266789.736
453,KRN,2019-08-09 13:59,LD,NotFood,14,14G-2,C424,0,0,0,0,0,0,,,-13318930.88,4266831.85
454,SLW,2019-08-13 16:15,BT,Skipped,LIC,57,C509,0,0,0,0,0,0,,,-13525581.56,4628539.117
455,SLW,2019-08-13 15:59,MF,Complete,LIC,57,C510,0,0.5,0.4,0,0,0,,,-13525924.17,4628621.439
456,SLW,2019-08-13 15:01,LD,Complete,LIC,57,C511,0.25,0,0,0.25,0,0,,,-13525274.05,4628649.225
457,SLW,2019-08-13 15:11,BT,Complete,LIC,57,C512,0,0.1,0.8,0,0,0,,,-13525425.63,4628728.446
458,SLW,2019-08-13 15:34,BT,Complete,LIC,57,C513,0,0.3,0.5,0.2,0,0,,,-13525768.25,4628810.775
459,SLW,2019-08-13 15:45,MF,Complete,LIC,57,C514,0,0.1,0.4,0,0,0,,,-13525958.66,4628852.245
460,SLW,2019-08-12 16:45,LD,Complete,Beach Lake 3,Beach Lake 3,C515,0,0.6,0,0,0,0,,,-13525004.68,4640547.541
461,SLW,2019-08-12 17:03,BT,Complete,Beach Lake 3,Beach Lake 3,C516,0,0.5,0.3,0,0,0,,,-13524775.19,4640543.78
462,SLW,2019-08-12 16:55,LD,Complete,Beach Lake 3,Beach Lake 3,C517,0.45,0.5,0,0,0,0,,,-13524889.31,4640584.069
463,SLW,2019-08-12 16:47,JM,Complete,Beach Lake 3,Beach Lake 3,C518,0,0,0.3,0,0,0,,The rest is cattail,-13524659.81,4640580.306
464,SLW,2019-08-12 17:00,JM,Complete,Beach Lake 3,Beach Lake 3,C519,0,0.05,0.5,0,0,0,,50% mowed,-13524506.19,4640616.202
465,SLW,2019-08-12 17:12,JM,Complete,Beach Lake 3,Beach Lake 3,C520,0.3,0.4,0,0,0,0,,,-13524696.81,4640657.749
466,SLW,2019-08-12 17:15,BT,NotFood,Beach Lake 1,Beach Lake 1,C521,0,0,0,0,0,0,,Upland area. Never inundated with water. ,-13524771.44,4640774.228
467,SLW,2019-08-12 17:16,BT,NotFood,Beach Lake 1,Beach Lake 1,C522,0,0,0,0,0,0,,Upland area. Never inundated with water. ,-13524846.07,4640890.709
468,SLW,2019-08-12 17:30,LD,Complete,Beach Lake 1,Beach Lake 1,C523,0.3,0.1,0,0,0,0,,,-13524689.94,4641080.246
469,SLW,2019-08-12 17:44,JM,Complete,Beach Lake 1,Beach Lake 1,C524,0.1,0,0.15,0,0,0,,,-13524535.68,4641154.554
470,SLW,2019-08-12 17:25,JM,NotFood,Beach Lake 1,Beach Lake 1,C525,0,0,0,0,0,0,,Cocklebur hell- about to be mowed ,-13524763.94,4641235.14
471,SLW,2019-08-12 17:31,JM,Complete,Beach Lake 1,Beach Lake 1,C526,0.3,0,0,0,0,0,,,-13524494.93,4641307.566
472,CLS,,,NotVisited,T27,T27.3,C527,0,0,0,0,0,0,,,-13583683.22,4739513.369
473,CLS,,,NotVisited,T27,T27.3,C528,0,0,0,0,0,0,,,-13584178.78,4740139.369
474,CLS,,JM,Complete,T27,T27.3,C529,0,0,0,0,0,0,,,-13583674.91,4740289.116
475,CLS,,,NotVisited,T27,T27.3,C530,0,0,0,0,0,0,,,-13583825.29,4740678.678
476,CLS,,,NotVisited,T27,T27.3,C531,0,0,0,0,0,0,,,-13583939.54,4740835.088
477,CLS,,,NotVisited,T27,T27.3,C532,0,0,0,0,0,0,,,-13584167.62,4741186.706
478,CLS,2019-08-20 17:47,JM,Complete,T15,T15:1,C533,0,0.05,0.95,0,0,0,,,-13587399.39,4742540.09
479,CLS,2019-08-20 18:38,JM,NotVisited,T15,T15:4,C534,0,0,0,0,0,0,,,-13586278.8,4742528.345
480,CLS,2019-08-20 17:41,JM,Complete,T15,T15:1,C535,0.3,0.35,0.35,0,0,0,,,-13587514.91,4742580.096
481,CLS,,,NotVisited,T15,T15:2,C536,0,0,0,0,0,0,,,-13587128.5,4742576.064
482,CLS,2019-08-20 16:57,JM,Complete,T17,T17,C537,0,0.05,0.95,0,0,0,,,-13584384.99,4742547.013
483,CLS,2019-08-20 16:45,JM,Complete,T17,T17,C538,0.25,0.35,0.25,0,0,0,,,-13584191.79,4742544.939
484,CLS,,,NotVisited,T15,T15:3,C539,0,0,0,0,0,0,,,-13586664.4,4742610.004
485,CLS,,,NotVisited,T15,T15:2,C540,0,0,0,0,0,0,,,-13587243.62,4742654.871
486,CLS,2019-08-20 17:55,JM,Complete,T15,T15:1,C541,0,0.7,0.3,0,0,0,,,-13587474.27,4742773.684
487,CLS,,,NotVisited,T15,T15:4,C542,0,0,0,0,0,0,,,-13586430.94,4742762.76
488,CLS,2019-08-20 16:28,JM,Complete,T17,T17,C543,0.25,0.55,0,0,0,0.15,,,-13584460.21,4742741.831
489,CLS,2019-08-20 16:36,JM,Complete,T17,T17,C544,0.025,0.025,0.95,0,0,0,,,-13584267,4742739.758
490,CLS,,,NotVisited,T15,T15:3,C545,0,0,0,0,0,0,,,-13586932.88,4742806.832
491,CLS,,,NotVisited,T15,T15:2,C546,0,0,0,0,0,0,,,-13587164.33,4742848.056
492,CLS,2019-08-20 16:13,JM,Complete,T17,T17,C547,0.1,0.3,0.6,0,0,0,,,-13584496.79,4742936.238
493,CLS,,,NotVisited,T15,T15:3,C548,0,0,0,0,0,0,,,-13586814.93,4742999.612
494,CLS,,,NotVisited,T15,T15:4,C549,0,0,0,0,0,0,,,-13586389.46,4743033.946
495,CLS,2019-08-20 18:08,JM,NotFood,T15,T15:1,C550,0,0,0,0,0,0,,All bull rush,-13587509.7,4743084.48
496,CLS,,,NotVisited,T15,T15:3,C551,0,0,0,0,0,0,,,-13587239.2,4743081.659
497,CLS,,,NotVisited,T15,T15:3,C552,0,0,0,0,0,0,,,-13587083.82,4743157.644
498,CLS,,,NotVisited,T15,T15:4,C553,0,0,0,0,0,0,,,-13586581.46,4743152.377
499,CLS,,,NotVisited,T15,T15:2,C554,0,0,0,0,0,0,,,-13587353.93,4743199.269
500,CLS,2019-08-20 16:03,JM,Complete,T17,T17,C555,0.2,0.4,0.4,0,0,0,,,-13584764.82,4743171.929
501,CLS,,,NotVisited,T15,T15:4,C556,0,0,0,0,0,0,,,-13586580.25,4743268.778
502,CLS,,,NotVisited,T15,T15:2,C557,0,0,0,0,0,0,,,-13587159.5,4743313.653
503,CLS,,,NotVisited,T15,T15:3,C558,0,0,0,0,0,0,,,-13586927.64,4743311.227
504,CLS,2019-08-20 18:15,JM,Complete,T15,T15:1,C559,0.45,0.55,0,0.2,0,0,,,-13587506.9,4743356.082
505,CLS,,,NotVisited,T15,T15:4,C560,0,0,0,0,0,0,,,-13586385.81,4743383.147
506,CLS,2019-08-20 18:23,JM,Complete,T15,T15:1,C561,0,0.55,0.45,0,0,0,,,-13587390.16,4743432.476
507,CLS,,,NotVisited,T15,T15:2,C562,0,0,0,0,0,0,,,-13587196.94,4743430.459
508,CLS,2019-08-20 18:40,JM,Complete,T13A,T13A,C563,0.15,0.35,0.5,0,0,0,,,-13586035.98,4743573.486
509,CLS,2019-08-20 18:49,JM,Complete,T13A,T13A,C564,0,0,0.95,0,0,0,,,-13585724.78,4743764.224
510,CLS,2019-08-20 19:01,JM,Complete,T13A,T13A,C565,0,0.6,0.4,0,0,0,,,-13585955.44,4743883.085
511,CLS,2019-08-20 19:12,TB,Complete,T13A,T13A,C566,0,0.1,0.8,0,0,0,,,-13585991.24,4744155.116
512,CLS,2019-08-20 19:27,JM,Complete,T13A,T13A,C567,0.15,0,0.85,0,0,0,,,-13585719.08,4744307.469
513,CLS,2019-08-20 19:17,JM,Complete,T13A,T13A,C568,0.05,0.05,0.9,0,0,0,,,-13586027.44,4744388.349
514,CLS,,,NotVisited,T5,T5,C569,0,0,0,0,0,0,,,-13587085.02,4746767.086
515,CLS,,,NotVisited,T6A,T6A,C570,0,0,0,0,0,0,,,-13586505.17,4746761.002
516,CLS,,,NotVisited,T5,T5,C571,0,0,0,0,0,0,,,-13587432.54,4746809.534
517,CLS,,,NotVisited,T6A,T6A,C572,0,0,0,0,0,0,,,-13586658.99,4746840.255
518,CLS,,,NotVisited,T6A,T6A,C573,0,0,0,0,0,0,,,-13586541.8,4746955.479
519,CLS,,,NotVisited,T5,T5,C574,0,0,0,0,0,0,,,-13587003.28,4747193.236
520,CLS,,,NotVisited,T5,T5,C575,0,0,0,0,0,0,,,-13587195.76,4747272.89
521,CLS,,,NotVisited,T5,T5,C576,0,0,0,0,0,0,,,-13587504.23,4747353.749
522,CLS,,,NotVisited,T6A,T6A,C577,0,0,0,0,0,0,,,-13587078.18,4747426.94
523,CLS,,,NotVisited,T5,T5,C578,0,0,0,0,0,0,,,-13587270.27,4747545.411
524,CLS,,,NotVisited,T6A,T6A,C579,0,0,0,0,0,0,,,-13587153.88,4747583.015
525,CLS,,,NotVisited,T6A,T6A,C580,0,0,0,0,0,0,,,-13587420.89,4747935.199